"Variable name","Variable label"
"qa_01","Access to the Internet at home on a computer\laptop"
"qa_02","Access to the Internet at work on a computer\laptop"
"qa_03","Access to the Internet at home on a games console"
"qa_04","Internet at home through your TV screen via a computer"
"qa_05","Internet at home directly through your TV set i.e. Smart\Connected TV)"
"qa_06","Access to the Internet via a mobile phone"
"qa_07","Access to the internet on a tablet computer e.g. iPad"
"qa_08","Access to the Internet on a Palmtop or Personal Digital Assistant (PDA)\Pocket PC"
"qa_09","Access to the Internet at school\college \university on a computer"
"qa_10","Internet access from a library on a computer"
"qa_11","Internet access in a cafe\bar on a computer"
"qa_12","Internet access at a friend's or relative's house on a computer"
"qa_13","Other Internet access"
"qa_14","An e-mail address at home"
"qa_15","An e-mail address at work"
"qa_16","Other e-mail address"
"qa_17","None"
"qa_18","Don't know"
"@all","all"
"qb_01","Digital Satellite TV through Sky for a monthly subscription (i.e. satellite dish)"
"qb_02","Free-Sat TV through any satellite dish WITHOUT a monthly subscription"
"qb_03","Cable through Virgin Media (previously ntl\Telewest)"
"qb_04","Freeview TV through TV aerial and set-top box without a monthly subscription"
"qb_05","Top-Up TV through TV aerial and set-top box for a monthly subscription"
"qb_06","TV which has Freeview channels built in (IDTV using TV aerial, without a separate set-top box)"
"qb_07","TV from Tiscali\Homechoice"
"qb_08","TV from BT Vision"
"qb_09","TV from Talk Talk"
"qb_10","TV through a normal aerial but receiving the main 4 or 5 channels only"
"qb_11","Other"
"qb_12","NO TV"
"qc_01","A Smartphone e.g. iPhone, Blackberry, HTC, etc"
"qc_02","A mobile phone (not a Smartphone) with internet access"
"qc_03","A mobile phone without internet access"
"qc_04","A computer - either laptop, desktop, or netbook"
"qc_05","A tablet PC e.g. iPad, Samsung Galaxy"
"qc_06","An e-book reader e.g. Kindle, Kobo"
"qc_07","A games console e.g. Xbox 360, PS3, Nintendo Wii"
"qc_08","A mobile gaming device e.g. Sony PSP\Vita, Nintendo DS"
"qc_09","Ipod (Touch)/MP3 player"
"qc_10","Mobile phone - no detail of internet access"
"qc_11","Other mobile device"
"qc_12","None of these"
"qc_13","Don't know"
"qd","Q.D Frequency of internet use"
"q1a01","Yes - music tracks or albums (excluding online radio stations)"
"q1a02","Yes - music videos"
"q1a03","Yes - video games (excluding patches and upgrades)"
"q1a04","Yes - computer software (excluding mobile phone apps, and patches\upgrades to software already owned)"
"q1a05","Yes - films (full length)"
"q1a06","Yes - TV programmes"
"q1a07","Yes - Short video clips"
"q1a08","Yes - e-books"
"q1a09","Yes - other type of file"
"q1a10","No"
"q1a11","Don't know"
"q1b01","Yes - music tracks or albums (excluding online radio stations)"
"q1b02","Yes - music videos"
"q1b03","Yes - video games (excluding patches and upgrades)"
"q1b04","Yes - computer software (excluding mobile phone apps, and patches\upgrades to software already owned)"
"q1b05","Yes - films (full length)"
"q1b06","Yes - TV programmes"
"q1b07","Yes - Short video clips"
"q1b08","Yes - e-books"
"q1b09","Yes - other type of file"
"q1b10","No"
"q1b11","Don't know"
"q1c01","Yes - music tracks or albums (excluding online radio stations)"
"q1c02","Yes - music videos"
"q1c03","Yes - video games (excluding patches and upgrades)"
"q1c04","Yes - computer software (excluding mobile phone apps, and patches\upgrades to software already owned)"
"q1c05","Yes - films (full length)"
"q1c06","Yes - TV programmes"
"q1c07","Yes - Short video clips"
"q1c08","Yes - e-books"
"q1c09","Yes - other type of file"
"q1c10","No"
"q1c11","Don't know"
"q2a01","Yes - music tracks or albums (excluding online radio stations)"
"q2a02","Yes - music videos"
"q2a03","Yes - video games (excluding patches and upgrades)"
"q2a04","Yes - computer software (excluding mobile phone apps, and patches\upgrades to software already owned)"
"q2a05","Yes - films (full length)"
"q2a06","Yes - TV programmes"
"q2a07","Yes - Short video clips"
"q2a08","Yes - e-books"
"q2a09","Yes - other type of file"
"q2a10","None"
"q2a11","Don't know"
"q2b01","Yes - music tracks or albums (excluding online radio stations)"
"q2b02","Yes - music videos"
"q2b03","Yes - video games (excluding patches and upgrades)"
"q2b04","Yes - computer software (excluding mobile phone apps, and patches\upgrades to software already owned)"
"q2b05","Yes - films (full length)"
"q2b06","Yes - TV programmes"
"q2b07","Yes - Short video clips"
"q2b08","Yes - e-books"
"q2b09","Yes - other type of file"
"q2b10","None"
"q2b11","Don't know"
"q2c01","Yes - music tracks or albums (excluding online radio stations)"
"q2c02","Yes - music videos"
"q2c03","Yes - video games (excluding patches and upgrades)"
"q2c04","Yes - computer software (excluding mobile phone apps, and patches\upgrades to software already owned)"
"q2c05","Yes - films (full length)"
"q2c06","Yes - TV programmes"
"q2c07","Yes - Short video clips"
"q2c08","Yes - e-books"
"q2c09","Yes - other type of file"
"q2c10","None"
"q2c11","Don't know"
"q3a1","In home via fixed broadband internet access, through a telephone line e.g. BT, Sky, Talk Talk"
"q3a2","In home via fixed broadband internet access, through cable \ Virgin Media"
"q3a3","In home via Wi-Fi (using a router or hub)"
"q3a4","In home via a mobile network e.g. using 3G\4G on a smartphone\tablet\dongle"
"q3a5","Out of home via fixed broadband internet access (e.g. in a cafe, library or other public place)"
"q3a6","Out of home via a Wi-Fi (wireless) network (e.g. in a cafe, library or other public place)"
"q3a7","Out of home via a mobile network e.g. using 3G\4G in a public place (e.g. cafe of library)"
"q3a8","None"
"q3b1","In home via fixed broadband internet access, through a telephone line e.g. BT, Sky, Talk Talk"
"q3b2","In home via fixed broadband internet access, through cable \ Virgin Media"
"q3b3","In home via Wi-Fi (using a router or hub)"
"q3b4","In home via a mobile network e.g. using 3G\4G on a smartphone\tablet\dongle"
"q3b5","Out of home via fixed broadband internet access (e.g. in a cafe, library or other public place)"
"q3b6","Out of home via a Wi-Fi (wireless) network (e.g. in a cafe, library or other public place)"
"q3b7","Out of home via a mobile network e.g. using 3G\4G in a public place (e.g. cafe of library)"
"q3b8","None"
"q3c1","In home via fixed broadband internet access, through a telephone line e.g. BT, Sky, Talk Talk"
"q3c2","In home via fixed broadband internet access, through cable \ Virgin Media"
"q3c3","In home via Wi-Fi (using a router or hub)"
"q3c4","In home via a mobile network e.g. using 3G\4G on a smartphone\tablet\dongle"
"q3c5","Out of home via fixed broadband internet access (e.g. in a cafe, library or other public place)"
"q3c6","Out of home via a Wi-Fi (wireless) network (e.g. in a cafe, library or other public place)"
"q3c7","Out of home via a mobile network e.g. using 3G\4G in a public place (e.g. cafe of library)"
"q3c8","None"
"qb1_1total","Q.B1_1TOTAL 3 month Spend - Music total"
"qb1_1aother","Q.B1_1OTHER 3 month Spend - Music other"
"qb1_1ai","Q.B1_1Ai 3 month Spend - Music concerts or gigs"
"qb1_1aii","Q.B1_1Aii 3 month Spend - Music merchandise"
"qb1_1aiii","Q.B1_1Aiii 3 month Spend - Music tracks or albums bought on CD or vinyl"
"qb1_1aiva","Q.B1_1Aiv 3 month Spend - Music tracks or albums downloaded or streamed/accessed online"
"qb1_1ava","Q.B1_1Av 3 month Spend - Music subscriptions"
"qb1_2a","Q.B1_2A Frequency of downloading - Music"
"qb1_2b","Q.B1_2B Frequency of streaming - Music"
"qb1_2c","Q.B1_2C Frequency of sharing - Music"
"qb1_3total","Q.B1_3Total Number - Music total in the last 3 months"
"qb1_3a","Q.B1_3A Number - Music tracks downloaded in the last 3 months"
"qb1_3b","Q.B1_3B Number - Music tracks streamed in the last 3 months"
"qb1_3ab","Q.B1_3A/B Number - Music tracks downloaded or streamed in the last 3 months"
"qb1_5a","Q.B1_5A Number - Music tracks downloaded/streamed in the last 3 months - Paid for"
"qb1_5a_pro","Q.B1_5A Proportion - Music tracks downloaded/streamed in the last 3 months paid for"
"qb1_5ai","Q.B1_5Ai Number - Music tracks downloaded/streamed for free in the last 3 months"
"qb1_5ai_pro","Q.B1_5Ai Proportion - Music tracks downloaded/streamed for free in the last 3 months"
"qb1_6","Q.B1_6 Number - paid music tracks previously downloaded or streamed for free in the last 3 months"
"qb1_6_pro","Q.B1_6 Proportion - paid music tracks previously downloaded or streamed for free"
"qb1_5b","Q.B1_5B Number - Music tracks downloaded/streamed in the last 3 months already owned on disc or vinyl"
"qb1_5b_pro","Q.B1_5B Proportion - Music tracks downloaded/streamed in the last 3 months already owned on disc or vinyl"
"qb1_7b","Q.B1_7B Number - Paid music tracks downloaded or streamed legally in the last 3 months"
"qb1_7_pro_b1","Q.B1_7B Proportion - Paid music tracks downloaded or streamed legally in the last 3 months"
"qb1_7","Q.B1_7 Number - free music tracks downloaded or streamed legally in the last 3 months"
"qb1_7_pro_a1","Q.B1_7 Proportion - free music tracks downloaded or streamed legally in the last 3 months"
"qb1_7b_t","Q.B1_7B_T Number - Total music tracks downloaded or streamed music online legally in the last 3 months (Including paid illegal)"
"qb1_7_pro_b2","Q.B1_7B Proportion - Total music tracks downloaded or streamed legally in the last 3 months (Including paid illegal)"
"qb1_7_t","Q.B1_7_T Number - Total music tracks downloaded or streamed music online legally in the last 3 months (presuming paid as legal)"
"qb1_7_pro_a2","Q.B1_7 Proportion - Total music tracks downloaded or streamed legally (presuming paid as legal)"
"qb1_3c1","Q.B1_3C1 Number - Music tracks owned in digital format (amongst sharers)"
"qb1_3c2","Q.B1_3C2 Number - Music tracks shared in the last 3 months"
"qb1_3c12","Q.B1_3C1/2 Number - Owned v Shared"
"qb1_3c_pro","Q.B1_3C1/2 Proportion - music library shared in the last 3 months"
"qb1_3d","Q.B1_3D Number - Music tracks bought on CD or vinyl in the last 3 months"
"qb1_8a_01flt_a","Q.B1_8A_01 Price Sensitivity - Music Download service - 39p"
"qb1_8a_02flt_a","Q.B1_8A_02 Price Sensitivity - Music Download service - 59p"
"qb1_8a_03flt_a","Q.B1_8A_03 Price Sensitivity - Music Download service - 79p"
"qb1_8a_04flt_a","Q.B1_8A_04 Price Sensitivity - Music Download service - 99p"
"qb1_8a_05flt_a","Q.B1_8A_05 Price Sensitivity - Music Download service - ú1.19"
"qb1_8a_01a","Q.B1_8A_01 Price Sensitivity - Music Download service - 39p"
"qb1_8a_02a","Q.B1_8A_02 Price Sensitivity - Music Download service - 59p"
"qb1_8a_03a","Q.B1_8A_03 Price Sensitivity - Music Download service - 79p"
"qb1_8a_04a","Q.B1_8A_04 Price Sensitivity - Music Download service - 99p"
"qb1_8a_05a","Q.B1_8A_05 Price Sensitivity - Music Download service - ú1.19"
"qb1_8a_01e","Q.B1_8A_01 Price Sensitivity - Music Download service - 39p"
"qb1_8a_02e","Q.B1_8A_02 Price Sensitivity - Music Download service - 59p"
"qb1_8a_03e","Q.B1_8A_03 Price Sensitivity - Music Download service - 79p"
"qb1_8a_04e","Q.B1_8A_04 Price Sensitivity - Music Download service - 99p"
"qb1_8a_05e","Q.B1_8A_05 Price Sensitivity - Music Download service - ú1.19"
"qb1_8a_01f","Q.B1_8A_01 Price Sensitivity - Music Download service - 39p"
"qb1_8a_02f","Q.B1_8A_02 Price Sensitivity - Music Download service - 59p"
"qb1_8a_03f","Q.B1_8A_03 Price Sensitivity - Music Download service - 79p"
"qb1_8a_04f","Q.B1_8A_04 Price Sensitivity - Music Download service - 99p"
"qb1_8a_05f","Q.B1_8A_05 Price Sensitivity - Music Download service - ú1.19"
"qb1_8b_01flt_a","Q.B1_8B_01 Price Sensitivity - Music Subscription service - ú3"
"qb1_8b_02flt_a","Q.B1_8B_02 Price Sensitivity - Music Subscription service - ú5"
"qb1_8b_03flt_a","Q.B1_8B_03 Price Sensitivity - Music Subscription service - ú7.50"
"qb1_8b_04flt_a","Q.B1_8B_04 Price Sensitivity - Music Subscription service - ú10"
"qb1_8b_05flt_a","Q.B1_8B_05 Price Sensitivity - Music Subscription service - ú12.50"
"qb1_8b_01a","Q.B1_8B_01 Price Sensitivity - Music Subscription service - ú3"
"qb1_8b_02a","Q.B1_8B_02 Price Sensitivity - Music Subscription service - ú5"
"qb1_8b_03a","Q.B1_8B_03 Price Sensitivity - Music Subscription service - ú7.50"
"qb1_8b_04a","Q.B1_8B_04 Price Sensitivity - Music Subscription service - ú10"
"qb1_8b_05a","Q.B1_8B_05 Price Sensitivity - Music Subscription service - ú12.50"
"qb1_8b_01e","Q.B1_8B_01 Price Sensitivity - Music Subscription service - ú3"
"qb1_8b_02e","Q.B1_8B_02 Price Sensitivity - Music Subscription service - ú5"
"qb1_8b_03e","Q.B1_8B_03 Price Sensitivity - Music Subscription service - ú7.50"
"qb1_8b_04e","Q.B1_8B_04 Price Sensitivity - Music Subscription service - ú10"
"qb1_8b_05e","Q.B1_8B_05 Price Sensitivity - Music Subscription service - ú12.50"
"qb1_8b_01f","Q.B1_8B_01 Price Sensitivity - Music Subscription service - ú3"
"qb1_8b_02f","Q.B1_8B_02 Price Sensitivity - Music Subscription service - ú5"
"qb1_8b_03f","Q.B1_8B_03 Price Sensitivity - Music Subscription service - ú7.50"
"qb1_8b_04f","Q.B1_8B_04 Price Sensitivity - Music Subscription service - ú10"
"qb1_8b_05f","Q.B1_8B_05 Price Sensitivity - Music Subscription service - ú12.50"
"qb2_1total","Q.B2_1TOTAL 3 month Spend - Video Games total"
"qb2_1ai","Q.B2_1Ai 3 month Spend - Video Games bought or rented on Disc or Cartridge"
"qb2_1aiii","Q.B2_1Aiii 3 month Spend - Video Games merchandise e.g. Tshirts, Mugs, Posters"
"qb2_1aiia","Q.B2_1Aii 3 month Spend - Video Games downloaded or accessed"
"qb2_2a","Q.B2_2A Frequency of downloading - Video Games"
"qb2_2b","Q.B2_2B Frequency of accessing - Video Games"
"qb2_2c","Q.B2_2C Frequency of sharing - Video Games"
"qb2_3total","Q.B2_3Total Number - Video Games total in the last 3 months"
"qb2_3a","Q.B2_3A Number - Video Games downloaded in the last 3 months"
"qb2_3b","Q.B2_3B Number - Video Games accessed in the last 3 months"
"qb2_3ab","Q.B2_3A/B Number - Video Games downloaded or accessed in the last 3 months"
"qb2_5a","Q.B2_5A Number - Video Games downloaded/accessed in the last 3 months - Paid for"
"qb2_5a_pro","Q.B2_5A Proportion - Video Games downloaded/accessed in the last 3 months paid for"
"qb2_5ai","Q.B2_5Ai Number - Video Games downloaded/accessed for free in the last 3 months"
"qb2_5ai_pro","Q.B2_5Ai Proportion - Video Games downloaded/accessed for free in the last 3 months"
"qb2_6","Q.B2_6 Number - paid Video Games previously downloaded or accessed for free in the last 3 months"
"qb2_6_pro","Q.B2_6 Proportion - paid Video Games previously downloaded or accessed for free"
"qb2_5b","Q.B2_5B Number - Video Games downloaded/accessed in the last 3 months already owned on disc or cartridge"
"qb2_5b_pro","Q.B2_5B Proportion - Video games downloaded/accessed in the last 3 months already owned on disc or cartridge"
"qb2_7","Q.B2_7 Number - free Video Games downloaded or accessed legally in the last 3 months"
"qb2_7_t","Q.B2_7_T Number - Total Video Games downloaded or accessed video games legally in the last 3 months"
"qb2_7_pro_a","Q.B2_7 Proportion - free Video Games downloaded or accessed legally in the last 3 months"
"qb2_7_pro_b","Q.B2_7 Proportion - Total Video Games downloaded or accessed legally in the last 3 months"
"qb2_3c","Q.B2_3C Number - Video Games shared in the last 3 months"
"qb2_3d","Q.B2_3D Number - Video Games bought or rented on disc or cartridge in the last 3 months"
"qb3_1total","Q.B3_1TOTAL 3 month Spend - Computer Software total"
"qb3_1ai","Q.B3_1Ai 3 month Spend - Computer Software on disc or Cartridge"
"qb3_1aiia","Q.B3_1Aii 3 month Spend - Computer Software downloaded or accessed"
"qb3_2a","Q.B3_2A Frequency of downloading - Computer Software"
"qb3_2b","Q.B3_2B Frequency of accessing - Computer Software"
"qb3_2c","Q.B3_2C Frequency of sharing - Computer Software"
"qb3_3total","Q.B3_3Total Number - Computer Software total in the last 3 months"
"qb3_3a","Q.B3_3A Number - Computer Software downloaded in the last 3 months"
"qb3_3b","Q.B3_3B Number - Computer Software accessed in the last 3 months"
"qb3_3ab","Q.B3_3A/B Number - Computer Software downloaded or accessed in the last 3 months"
"qb3_5a","Q.B3_5A Number - Computer Software downloaded/accessed in the last 3 months - Paid for"
"qb3_5a_pro","Q.B3_5A Proportion - Computer software downloaded/accessed in the last 3 months paid for"
"qb3_5ai","Q.B3_5Ai Number - Computer Software downloaded/accessed for free in the last 3 months"
"qb3_5ai_pro","Q.B3_5Ai Proportion - Computer software downloaded/accessed for free in the last 3 months"
"qb3_6","Q.B3_6 Number - paid Computer Software previously downloaded or accessed for free in the last 3 months"
"qb3_6_pro","Q.B3_6 Proportion - paid Computer software previously downloaded or accessed for free"
"qb3_5b","Q.B3_5B Number - Computer Software downloaded/accessed in the last 3 months already owned on disc"
"qb3_5b_pro","Q.B3_5B Proportion - Computer software downloaded/accessed in the last 3 months already owned on disc"
"qb3_7","Q.B3_7 Number - free Computer Software downloaded or accessed legally in the last 3 months"
"qb3_7_t","Q.B3_7_T Number - Total Computer Software downloaded or accessed computer software legally in the last 3 months"
"qb3_7_pro_a","Q.B3_7 Proportion - free Computer Software downloaded or accessed legally in the last 3 months"
"qb3_7_pro_b","Q.B3_7 Proportion - Total Computer Software downloaded or accessed legally in the last 3 months"
"qb3_3c","Q.B3_3C Number - Computer Software shared in the last 3 months"
"qb3_3d","Q.B3_3D Number - Computer Software bought on disc or cartridge in the last 3 months"
"qb4_1total","Q.B4_1TOTAL 3 month Spend - Films total"
"qb4_1other","Q.B4_1OTHER 3 month Spend - Films other"
"qb4_1ai","Q.B4_1Ai 3 month Spend - Films watched at the cinema"
"qb4_1aii","Q.B4_1Aii 3 month Spend - Rented films on DVD, Bluray, or VHS"
"qb4_1aiii","Q.B4_1Aiii 3 month Spend - Films purchased on DVD, Bluray, or VHS"
"qb4_1avii","Q.B4_1Avii 3 month Spend - Films bought or rented on DVD, Bluray or VHS"
"qb4_1aviii","Q.B4_1Aviii 3 month Spend - Films merchandise e.g. T-shirts, Mugs, Posters"
"qb4_1aiv","Q.B4_1Aiv 3 month Spend - Online (full length) films bought and streamed/accessed or downloaded individually"
"qb4_1avi","Q.B4_1Avi 3 month Spend - Films purchased individually through Pay TV service via Pay-per-view"
"qb4_1av","Q.B4_1Av 3 month Spend - Online film subscriptions"
"qb4_2a","Q.B4_2A Frequency of downloading - Films"
"qb4_2b","Q.B4_2B Frequency of streaming - Films"
"qb4_2c","Q.B4_2C Frequency of sharing - Films"
"qb4_3total","Q.B4_3Total Number - Films total in the last 3 months"
"qb4_3a","Q.B4_3A Number - Films downloaded in the last 3 months"
"qb4_3b","Q.B4_3B Number - Films streamed in the last 3 months"
"qb4_3ab","Q.B4_3A/B Number - Films downloaded or streamed in the last 3 months"
"qb4_5a","Q.B4_5A Number - Films downloaded/streamed in the last 3 months - Paid for"
"qb4_5a_pro","Q.B4_5A Proportion - Films downloaded/streamed in the last 3 months paid for"
"qb4_5ai","Q.B4_5Ai Number - Films downloaded/streamed for free in the last 3 months"
"qb4_5ai_pro","Q.B4_5Ai Proportion - Films downloaded/streamed for free in the last 3 months"
"qb4_6","Q.B4_6 Number - paid Films previously downloaded or streamed for free in the last 3 months"
"qb4_6_pro","Q.B4_6 Proportion - paid Films previously downloaded or streamed for free"
"qb4_5b","Q.B4_5B Number - Films downloaded/streamed in the last 3 months already owned on DVD, Blu-Ray or VHS"
"qb4_5b_pro","Q.B4_5B Proportion - Films downloaded/streamed in the last 3 months already owned on DVD, Blu-Ray or VHS"
"qb4_5c","Q.B4_5C Number - Films downloaded/streamed in the last 3 months already seen at cinema or through TV service"
"qb4_5c_pro","Q.B4_5C Proportion - Films downloaded/streamed in the last 3 months already seen at cinema or through TV service"
"qb4_7b","Q.B4_7B Number - Paid Films downloaded or streamed legally in the last 3 months"
"qb4_7_pro_b1","Q.B4_7B Proportion - Paid films downloaded or streamed legally in the last 3 months"
"qb4_7","Q.B4_7 Number - free Films downloaded or streamed legally in the last 3 months"
"qb4_7_pro_a1","Q.B4_7 Proportion - free Films downloaded or streamed legally in the last 3 months"
"qb4_7b_t","Q.B4_7B_T Number - Total Films downloaded or streamed films legally in the last 3 months (Including paid illegal)"
"qb4_7_pro_b2","Q.B4_7B Proportion - Total films downloaded or streamed legally in the last 3 months (Including paid illegal)"
"qb4_7_t","Q.B4_7_T Number - Total Films downloaded or streamed films in the last 3 months (presuming paid as legal)"
"qb4_7_pro_a2","Q.B4_7 Proportion - Total Films downloaded or streamed legally in the last 3 months (presuming paid as legal)"
"qb4_3c","Q.B4_3C Number - Films shared in the last 3 months"
"qb4_3d","Q.B4_3D Number - Films bought or rented on DVD, Bluray or VHS in the last 3 months"
"qb4_8a_01flt_a","Q.B4_8A_01 Price Sensitivity - Films Download service - ú3"
"qb4_8a_02flt_a","Q.B4_8A_02 Price Sensitivity - Films Download service - ú5"
"qb4_8a_03flt_a","Q.B4_8A_03 Price Sensitivity - Films Download service - ú7.50"
"qb4_8a_04flt_a","Q.B4_8A_04 Price Sensitivity - Films Download service - ú10"
"qb4_8a_05flt_a","Q.B4_8A_05 Price Sensitivity - Films Download service - ú12.50"
"qb4_8a_01a","Q.B4_8A_01 Price Sensitivity - Films Download service - ú3"
"qb4_8a_02a","Q.B4_8A_02 Price Sensitivity - Films Download service - ú5"
"qb4_8a_03a","Q.B4_8A_03 Price Sensitivity - Films Download service - ú7.50"
"qb4_8a_04a","Q.B4_8A_04 Price Sensitivity - Films Download service - ú10"
"qb4_8a_05a","Q.B4_8A_05 Price Sensitivity - Films Download service - ú12.50"
"qb4_8a_01e","Q.B4_8A_01 Price Sensitivity - Films Download service - ú3"
"qb4_8a_02e","Q.B4_8A_02 Price Sensitivity - Films Download service - ú5"
"qb4_8a_03e","Q.B4_8A_03 Price Sensitivity - Films Download service - ú7.50"
"qb4_8a_04e","Q.B4_8A_04 Price Sensitivity - Films Download service - ú10"
"qb4_8a_05e","Q.B4_8A_05 Price Sensitivity - Films Download service - ú12.50"
"qb4_8a_01f","Q.B4_8A_01 Price Sensitivity - Films Download service - ú3"
"qb4_8a_02f","Q.B4_8A_02 Price Sensitivity - Films Download service - ú5"
"qb4_8a_03f","Q.B4_8A_03 Price Sensitivity - Films Download service - ú7.50"
"qb4_8a_04f","Q.B4_8A_04 Price Sensitivity - Films Download service - ú10"
"qb4_8a_05f","Q.B4_8A_05 Price Sensitivity - Films Download service - ú12.50"
"qb4_8b_01flt_a","Q.B4_8B_01 Price Sensitivity - Films Subscription service - ú4"
"qb4_8b_02flt_a","Q.B4_8B_02 Price Sensitivity - Films Subscription service - ú6"
"qb4_8b_03flt_a","Q.B4_8B_03 Price Sensitivity - Films Subscription service - ú8"
"qb4_8b_04flt_a","Q.B4_8B_04 Price Sensitivity - Films Subscription service - ú10"
"qb4_8b_05flt_a","Q.B4_8B_05 Price Sensitivity - Films Subscription service - ú12"
"qb4_8b_01a","Q.B4_8B_01 Price Sensitivity - Films Subscription service - ú4"
"qb4_8b_02a","Q.B4_8B_02 Price Sensitivity - Films Subscription service - ú6"
"qb4_8b_03a","Q.B4_8B_03 Price Sensitivity - Films Subscription service - ú8"
"qb4_8b_04a","Q.B4_8B_04 Price Sensitivity - Films Subscription service - ú10"
"qb4_8b_05a","Q.B4_8B_05 Price Sensitivity - Films Subscription service - ú12"
"qb4_8b_01e","Q.B4_8B_01 Price Sensitivity - Films Subscription service - ú4"
"qb4_8b_02e","Q.B4_8B_02 Price Sensitivity - Films Subscription service - ú6"
"qb4_8b_03e","Q.B4_8B_03 Price Sensitivity - Films Subscription service - ú8"
"qb4_8b_04e","Q.B4_8B_04 Price Sensitivity - Films Subscription service - ú10"
"qb4_8b_05e","Q.B4_8B_05 Price Sensitivity - Films Subscription service - ú12"
"qb4_8b_01f","Q.B4_8B_01 Price Sensitivity - Films Subscription service - ú4"
"qb4_8b_02f","Q.B4_8B_02 Price Sensitivity - Films Subscription service - ú6"
"qb4_8b_03f","Q.B4_8B_03 Price Sensitivity - Films Subscription service - ú8"
"qb4_8b_04f","Q.B4_8B_04 Price Sensitivity - Films Subscription service - ú10"
"qb4_8b_05f","Q.B4_8B_05 Price Sensitivity - Films Subscription service - ú12"
"qb5_1total","Q.B5_1TOTAL 3 month Spend - TV programmes total"
"qb5_1ai","Q.B5_1Ai 3 month Spend - TV programmes rented on DVD, Bluray, or VHS"
"qb5_1aii","Q.B5_1Aii 3 month Spend - TV programmes purchased on DVD, Bluray, or VHS"
"qb5_1aiv","Q.B5_1Aiv 3 month Spend - TV programmes bought or rented on DVD, Blu-ray or VHS"
"qb5_1av","Q.B5_1Av 3 month Spend - TV programmes merchandise e.g. T-shirts, Mugs, Posters"
"qb5_1aiii","Q.B5_1Aiii 3 month Spend - TV programmes downloaded or streamed using an internet connection"
"qb5_2a","Q.B5_2A Frequency of downloading - TV programmes"
"qb5_2b","Q.B5_2B Frequency of streaming - TV programmes"
"qb5_2c","Q.B5_2C Frequency of sharing - TV programmes"
"qb5_3total","Q.B5_3Total Number - TV programmes total in the last 3 months"
"qb5_3a","Q.B5_3A Number - TV programmes downloaded in the last 3 months"
"qb5_3b","Q.B5_3B Number - TV programmes streamed in the last 3 months"
"qb5_3ab","Q.B5_3A/B Number - TV programmes downloaded or streamed in the last 3 months"
"qb5_5a","Q.B5_5A Number - TV programmes downloaded/streamed in the last 3 months - Paid for"
"qb5_5a_pro","Q.B5_5A Proportion - TV programmes downloaded/streamed in the last 3 months paid for"
"qb5_5ai","Q.B5_5Ai Number - TV programmes downloaded/streamed for free in the last 3 months"
"qb5_5ai_pro","Q.B5_5Ai Proportion - Films downloaded/streamed for free in the last 3 months"
"qb5_6","Q.B5_6 Number - paid TV programmes previously downloaded or streamed for free in the last 3 months"
"qb5_6_pro","Q.B5_6 Proportion - paid TV programmes previously downloaded or streamed for free"
"qb5_5b","Q.B5_5B Number - TV programmes downloaded/streamed in the last 3 months already owned on DVD, Blu-Ray or VHS"
"qb5_5b_pro","Q.B5_5B Proportion - TV programmes downloaded/streamed in the last 3 months already owned on DVD, Blu-Ray or VHS"
"qb5_7","Q.B5_7 Number - free TV programmes downloaded or streamed legally in the last 3 months"
"qb5_7_t","Q.B5_7_T Number - Total TV programmes downloaded or streamed TV programmes legally in the last 3 months"
"qb5_7_pro_a","Q.B5_7 Proportion - free TV programmes downloaded or streamed legally in the last 3 months"
"qb5_7_pro_b","Q.B5_7 Proportion - Total TV programmes downloaded or streamed legally in the last 3 months"
"qb5_3c","Q.B5_3C Number - TV programmes shared in the last 3 months"
"qb5_3d","Q.B5_3D Number - TV programmes bought or rented on disc or cartridge in the last 3 months"
"qb6_1total","Q.B6_1TOTAL 3 month Spend - Books total"
"qb6_1ai","Q.B6_1Ai 3 month Spend - Books - paper copies"
"qb6_1aiii","Q.B6_1Aiii 3 month Spend - Books merchandise e.g. T-shirts, Mugs, posters"
"qb6_1aii","Q.B6_1Aii 3 month Spend - e-Books - digital copies downloaded"
"qb6_2a","Q.B6_2A Frequency of downloading - e-Books"
"qb6_2b","Q.B6_2B Frequency of accessing - e-Books"
"qb6_2c","Q.B6_2C Frequency of sharing - e-Books"
"qb6_3total","Q.B6_3Total Number - Books total in the last 3 months"
"qb6_3a","Q.B6_3A Number - e-Books downloaded in the last 3 months"
"qb6_3b","Q.B6_3B Number - e-Books accessed in the last 3 months"
"qb6_3ab","Q.B6_3A/B Number - e-Books downloaded or accessed in the last 3 months"
"qb6_5a","Q.B6_5A Number - e-Books downloaded/accessed in the last 3 months - Paid for"
"qb6_5a_pro","Q.B6_5A Proportion - e-Books downloaded/accessed in the last 3 months paid for"
"qb6_5ai","Q.B6_5Ai Number - e-Books downloaded/accessed for free in the last 3 months"
"qb6_5ai_pro","Q.B6_5Ai Proportion - Books downloaded/accessed for free in the last 3 months"
"qb6_6","Q.B6_6 Number - paid e-Books previously downloaded or accessed for free in the last 3 months"
"qb6_6_pro","Q.B6_6 Proportion - paid e-Books previously downloaded or accessed for free"
"qb6_5b","Q.B6_5B Number - e-Books downloaded/accessed in the last 3 months already owned on hardbacks and paperbacks"
"qb6_5b_pro","Q.B6_5B Proportion - e-Books downloaded/accessed in the last 3 months already owned on DVD, Blu-Ray or VHS"
"qb6_7","Q.B6_7 Number - free e-Books downloaded or accessed legally in the last 3 months"
"qb6_7_t","Q.B6_7_T Number - Total e-Books downloaded or accessed books legally in the last 3 months"
"qb6_7_pro_a","Q.B6_7 Proportion - free e-Books downloaded or accessed legally in the last 3 months"
"qb6_7_pro_b","Q.B6_7 Proportion - Total e-Books downloaded or accessed legally in the last 3 months"
"qb6_3c","Q.B6_3C Number - e-Books shared in the last 3 months"
"qb6_3d","Q.B6_3D Number - Books bought on hardback or paperback in the last 3 months"
"qb6_8a_01flt_a","Q.B6_8A_01 Price Sensitivity - e-Books Download service - ú2"
"qb6_8a_02flt_a","Q.B6_8A_02 Price Sensitivity - e-Books Download service - ú4"
"qb6_8a_03flt_a","Q.B6_8A_03 Price Sensitivity - e-Books Download service - ú6"
"qb6_8a_04flt_a","Q.B6_8A_04 Price Sensitivity - e-Books Download service - ú8"
"qb6_8a_05flt_a","Q.B6_8A_05 Price Sensitivity - e-Books Download service - ú10"
"qb6_8a_01a","Q.B6_8A_01 Price Sensitivity - e-Books Download service - ú2"
"qb6_8a_02a","Q.B6_8A_02 Price Sensitivity - e-Books Download service - ú4"
"qb6_8a_03a","Q.B6_8A_03 Price Sensitivity - e-Books Download service - ú6"
"qb6_8a_04a","Q.B6_8A_04 Price Sensitivity - e-Books Download service - ú8"
"qb6_8a_05a","Q.B6_8A_05 Price Sensitivity - e-Books Download service - ú10"
"qb6_8a_01e","Q.B6_8A_01 Price Sensitivity - e-Books Download service - ú2"
"qb6_8a_02e","Q.B6_8A_02 Price Sensitivity - e-Books Download service - ú4"
"qb6_8a_03e","Q.B6_8A_03 Price Sensitivity - e-Books Download service - ú6"
"qb6_8a_04e","Q.B6_8A_04 Price Sensitivity - e-Books Download service - ú8"
"qb6_8a_05e","Q.B6_8A_05 Price Sensitivity - e-Books Download service - ú10"
"qb6_8a_01f","Q.B6_8A_01 Price Sensitivity - e-Books Download service - ú2"
"qb6_8a_02f","Q.B6_8A_02 Price Sensitivity - e-Books Download service - ú4"
"qb6_8a_03f","Q.B6_8A_03 Price Sensitivity - e-Books Download service - ú6"
"qb6_8a_04f","Q.B6_8A_04 Price Sensitivity - e-Books Download service - ú8"
"qb6_8a_05f","Q.B6_8A_05 Price Sensitivity - e-Books Download service - ú10"
"qb6_8b_01flt_a","Q.B6_8B_01 Price Sensitivity - e-books Subscription service - ú5"
"qb6_8b_02flt_a","Q.B6_8B_02 Price Sensitivity - e-books Subscription service - ú7.50"
"qb6_8b_03flt_a","Q.B6_8B_03 Price Sensitivity - e-books Subscription service - ú10"
"qb6_8b_04flt_a","Q.B6_8B_04 Price Sensitivity - e-books Subscription service - ú12.50"
"qb6_8b_05flt_a","Q.B6_8B_05 Price Sensitivity - e-books Subscription service - ú15"
"qb6_8b_01a","Q.B6_8B_01 Price Sensitivity - e-books Subscription service - ú5"
"qb6_8b_02a","Q.B6_8B_02 Price Sensitivity - e-books Subscription service - ú7.50"
"qb6_8b_03a","Q.B6_8B_03 Price Sensitivity - e-books Subscription service - ú10"
"qb6_8b_04a","Q.B6_8B_04 Price Sensitivity - e-books Subscription service - ú12.50"
"qb6_8b_05a","Q.B6_8B_05 Price Sensitivity - e-books Subscription service - ú15"
"qb6_8b_01e","Q.B6_8B_01 Price Sensitivity - e-books Subscription service - ú5"
"qb6_8b_02e","Q.B6_8B_02 Price Sensitivity - e-books Subscription service - ú7.50"
"qb6_8b_03e","Q.B6_8B_03 Price Sensitivity - e-books Subscription service - ú10"
"qb6_8b_04e","Q.B6_8B_04 Price Sensitivity - e-books Subscription service - ú12.50"
"qb6_8b_05e","Q.B6_8B_05 Price Sensitivity - e-books Subscription service - ú15"
"qb6_8b_01f","Q.B6_8B_01 Price Sensitivity - e-books Subscription service - ú5"
"qb6_8b_02f","Q.B6_8B_02 Price Sensitivity - e-books Subscription service - ú7.50"
"qb6_8b_03f","Q.B6_8B_03 Price Sensitivity - e-books Subscription service - ú10"
"qb6_8b_04f","Q.B6_8B_04 Price Sensitivity - e-books Subscription service - ú12.50"
"qb6_8b_05f","Q.B6_8B_05 Price Sensitivity - e-books Subscription service - ú15"
"qbx_1total","Q.BX_1TOTAL (Combined files of interest) 3 month Spend - Total"
"qbx_ai","Q.BX_Ai (Combined files of interest) 3 month Spend - Physical copies"
"qbx_aii","Q.BX_Aii (Combined files of interest) 3 month Spend - Individual online purchases (downloads/streams)"
"qbx_aiii","Q.BX_Aiii (Combined files of interest) 3 month Spend - Online purchases + Subscriptions"
"qbx_av","Q.BX_Av (Combined files of interest) 3 month Spend - Other"
"qbx_3total","Q.Bx_3TOTAL (Combined files of interest) Number - Summary Total in the last 3 months"
"qbx_3a_tot","Q.Bx_3A (Combined files of interest) Number - content types of interest downloaded in the last 3 months"
"qbx_3b_tot","Q.Bx_3B Number - content types of interest streamed/accessed in the last 3 months"
"qbx_3ab_tot","Q.Bx_3A/B (Combined files of interest) Number - content types of interest downloaded or streamed/accessed in the last 3 months"
"qbx_5a_tot","Q.Bx_5A (Combined files of interest) Number - content types of interest downloaded or streamed/accessed in the last 3 months - Paid for"
"qbx_5ai_tot","Q.Bx_5Ai (Combined files of interest) Number - content types of interest downloaded or streamed/accessed for free in the last 3 months"
"qbx_5a_pro","Q.Bx_5A (Combined files of interest) Proportion - content types of interest downloaded/streamed/accessed in the last 3 months - paid for"
"qbx_5ai_pro","Q.Bx_5Ai (Combined files of interest) Proportion - content types of interest downloaded/streamed/accessed for free in the last 3 months"
"qbx_6_num","Q.Bx_6 (Combined files of interest) Number - paid content types of interest previously downloaded or streamed/accessed for free"
"qbx_6_pro","Q.Bx_6 (Combined files of interest) Proportion - paid content types of interest previously downloaded or streamed/accessed for free"
"qbx_5b_tot","Q.Bx_5B (Combined files of interest) Number - downloaded/accessed/streamed content types of interest in the last 3 months already owned in physical format"
"qbx_5b_pro","Q.Bx_5B (Combined files of interest) Proportion - downloaded/streamed/accessed content types of interest in the last 3 months already owned in physical format"
"qbx_7b_a","Q.Bx_7B (Combined files of interest) Number - paid content types of interest downloaded or streamed/accessed legally in the last 3 months"
"qbx_7b_pro","Q.Bx_7B (Combined files of interest) Proportion - paid content types of interest downloaded or streamed/accessed legally in the last 3 months"
"qbx_7a_a","Q.Bx_7 (Combined files of interest) Number - free content types of interest downloaded or streamed/accessed legally in the last 3 months"
"qbx_7_pro_a","Q.Bx_7 (Combined files of interest) Proportion - free content types of interest downloaded or streamed/accessed legally in the last 3 months"
"qbx_7a_b","Q.Bx_7 (Combined files of interest) Number - total content types of interest downloaded or streamed/accessed legally in the last 3 months (including paid illegal)"
"qbx_7_pro_b","Q.Bx_7 (Combined files of interest) Proportion - total content types of interest downloaded or accessed legally in the last 3 months (including paid illegal)"
"qbx_7a_ab","Q.Bx_7 (Combined files of interest) Number - total content types of interest downloaded or streamed/accessed legally in the last 3 months (presuming paid as legal)"
"qbx_7_pro_ab","Q.Bx_7 (Combined files of interest) Proportion - total content types of interest downloaded or accessed legally in the last 3 months (presuming paid as legal)"
"qbx_3c","Q.Bx_3C (Combined files of interest) Number - content types of interest shared in the last 3 months"
"qbx_3d","Q.Bx_3D (Combined files of interest) Number - content types of interest bought in physical format in the last 3 months"
"q301","4OD"
"q302","7 Digital"
"q303","Amazon \ Amazon mp3 \ Kindle"
"q304","BBC iPlayer"
"q305","Blinkbox"
"q306","Demand 5"
"q307","eMusic"
"q308","Google Play \ Android Marketplace"
"q309","HMV Digital"
"q310","iTunes \ App Store \ ibookstore \ Apple Store"
"q311","ITV Player"
"q312","Last FM"
"q313","Lovefilm"
"q314","Miniclip"
"q315","Napster"
"q316","Netflix"
"q317","Play.com"
"q318","Samsung Movie Store"
"q319","Sky Go"
"q320","Sony Entertainment Network - Music Unlimited<br/>\ Video Unlimited \ Playstation Network"
"q321","Spotify"
"q322","Steam"
"q323","We7"
"q324","Xbox Live"
"q325","YouTube"
"q326","Zune"
"q327","Other website or service"
"q328","Don't Know"
"q4a","Q.4A Agreement statement - I think that you should be able to download or access the content you want for free from the internet"
"q4b","Q.4B Agreement statement - It is easy to find content on the internet for free that would usually be paid for"
"q4c","Q.4C Agreement statement - Content that you download or access online should be cheaper than the equivalent purchased in a physical format (e.g. a CD, DVD, Blu-ray, or VHS)"
"q4d","Q.4D Agreement statement - If you had paid for a digital file you should then be able to share it with others"
"q4e","Q.4E Agreement statement - The rules governing what you can and can't do with content you purchase should be the same for both physical (e.g. a CD, DVD, Blu-ray, or VHS) and online formats"
"q4f","Q.4F Agreement statement - It is wrong to access content online without the creators\artists permission"
"q4g","Q.4G Agreement statement - The price that you pay to download or access content online is generally about right"
"q4h","Q.4H Agreement statement - I find it difficult to find legal content online"
"q501","It's easier\more convenient"
"q502","It's quicker"
"q503","It's cheaper"
"q504","I can get them for free"
"q505","The quality isn't noticeably different"
"q506","It's more up-to-date"
"q507","It's what everyone does"
"q508","I can access them more easily on the devices I have"
"q509","No physical version available"
"q510","Less clutter/storage/space issues"
"q511","Can download part (album)/just 1 song/just what I want"
"q512","I haven't downloaded anything illegal/not interested"
"q513","To try before I buy"
"q514","Other reason"
"q515","Don't know"
"q601","I'm not interested"
"q602","I prefer to have a physical copy"
"q603","I prefer to stream\access (without downloading) files"
"q604","They are too expensive"
"q605","The quality is not as good"
"q606","It is easier to buy physical copies"
"q607","I do not have a credit\debit card"
"q608","I fear that they could be illegal"
"q609","I fear they may have viruses\ malware \ spyware"
"q610","I'm unaware of the download services available"
"q611","I'm not sure how to do it"
"q612","I don't own a computer \ device capable of downloading"
"q613","Physical copies are more flexible"
"q614","I am not allowed to (by Mum or Dad)"
"q615","Computer does not have capacity/download speed"
"q616","Nothing that I wanted/needed"
"q617","Trying to save money/short of funds"
"q618","No time/busy doing other things"
"q619","Someone else does this (for me)"
"q620","Concerns about using card/payments online"
"q621","Other reason"
"q622","Don't know"
"q701","It's easier\more convenient"
"q702","It's quicker"
"q703","They are better quality"
"q704","I don't want to use illegal sites"
"q705","I think it's morally wrong to use illegal sites"
"q706","I want to support creators\industry"
"q707","I fear they may have viruses \ malware \ spyware"
"q708","I fear I might be caught"
"q709","I can afford to pay"
"q710","I prefer to pay"
"q711","I don't think it is right to get them for free"
"q712","I'm unaware of the free services available"
"q713","I don't know how to use the free services"
"q714","Free/ cheap/ part of a subscription"
"q715","Parents would not allow me to use free service"
"q716","Were not available for free"
"q717","Had gift card/voucher"
"q718","Have not done so\does not apply to me"
"q719","Other reason"
"q720","Don't know"
"q801","It's easy\convenient"
"q802","It's quick"
"q803","It's free"
"q804","It's easy to do"
"q805","It's quicker than downloading"
"q806","It's cheaper than downloading"
"q807","It means I don't have to download them"
"q808","It means I can try something before I buy it"
"q809","It's what my friends or family do"
"q810","My friends can't access files themselves"
"q811","My family can't access files themselves"
"q812","Some types of files are too expensive to buy"
"q813","For entertainment"
"q814","Don't have a TV \ radio"
"q815","To watch programmes I have missed (on TV)"
"q816","Content unavailable elsewhere"
"q817","Other reason"
"q818","Don't know"
"q901","It's easy to do"
"q902","It's only fair"
"q903","It's what everyone does"
"q904","I don't know how to share them"
"q905","My friends\family cant access files themselves"
"q906","I should be able to share my content with whomever I choose"
"q907","Unless I share content, I can't download other files myself"
"q908","Ipod (Touch)/MP3 player"
"q909","Mobile phone - no detail of internet access"
"q910","Other reason"
"q10a01","It's easy\convenient"
"q10a02","It's quick"
"q10a03","It's free"
"q10a04","It means I can try something before I buy it"
"q10a05","It's what my friends or family do"
"q10a06","Because I can"
"q10a07","I already owned content in another format"
"q10a08","I've already paid to see it\them at the cinema\in concert, etc"
"q10a09","I don't want to wait for content to become available on legal services"
"q10a10","I can't afford to pay"
"q10a11","I think legal content is too expensive"
"q10a12","I think legal content is too poor quality"
"q10a13","The files I want are not available on legal services"
"q10a14","I don't think I should have to pay for files online?"
"q10a15","The Industry makes too much money"
"q10a16","I already spend enough on content"
"q10a17","No one suffers"
"q10a18","No one ever gets caught"
"q10a19","It gives me status"
"q10a20","Wasn't sure of legality/not sure if legal or not"
"q10a21","I didn't think/know/realise it was illegal/was in error"
"q10a22","I have paid for it"
"q10a23","I have not downloaded/accessed illegally"
"q10a24","I didn't say that/give that answer (no detail)"
"q10a25","I'm confused/don't understand the question"
"q10a26","Other reason"
"q10a27","Not applicable/None"
"q10a28","Don't know"
"q10b01","If everyone else stopped doing it"
"q10b02","If legal services were better"
"q10b03","If legal services were cheaper"
"q10b04","If legal services were more convenient\flexible"
"q10b05","If everything I wanted was available legally"
"q10b06","If I thought I might be caught"
"q10b07","If I thought I might be sued"
"q10b08","If my ISP sent me a letter informing me my account had been used to infringe"
"q10b09","If my ISP sent me a letter saying they would restrict my internet speed"
"q10b10","If my ISP sent me a letter saying they would suspend my internet access"
"q10b11","If friends or family were caught"
"q10b12","If there were articles in the media about people being caught"
"q10b13","If a subscription service I was interested in became available"
"q10b14","If everything I wanted was available legally online as soon as it was released elsewhere"
"q10b15","If it is clearer what is legal and what isn't"
"q10b16","If I knew where to go to see if something was illegal or not"
"q10b17","I do not do this/do not download illegally/always use legal site"
"q10b18","Would/do not do it intentionally/if thought was illegal I wouldn't do it"
"q10b19","If I got a virus/concerned about viruses"
"q10b20","Other reason"
"q10b21","Nothing would make me stop"
"q10b22","Not applicable/None"
"q10b23","Don't know"
"q11a","Q.11A How confident are you that you know what is legal and what isn't in terms of downloading, streaming\accessing, and sharing content through the internet?"
"q11b01","Reputable/well known company or brand (including those advertised)"
"q11b02","Government approval/accreditation"
"q11b03","Security measures on site (Payment, Certificates, Terms & Conditions, Password protection, etc...)"
"q11b04","Site doesnÆt contain certain elements (Viruses, Pop up adverts, etc...)"
"q11b05","Do not (download/stream/access) illegally"
"q11b06","Do not download"
"q11b07","I'm not interested"
"q11b08","It's illegal/against the law/people shouldn't do it"
"q11b09","Free/easily accessible/quick"
"q11b10","Difficult to know if its legal or not/don't trust it"
"q11b11","(Warning) information on site"
"q11b12","Rely on other people to tell me/do it for me/word of mouth/reviews"
"q11b13","If there was industry/standard symbol/kite mark to show (clearly) it was legal"
"q11b14","If the website clearly stated that it was legal"
"q11b15","Payment/cost/price"
"q11b16","If there was a site/organisation I could go to check with listing of legal/authorised sites"
"q11b17","Previous knowledge/already know they are legal"
"q11b18","Quality/professional/official (looking) site"
"q11b19","Copyright statements"
"q11b20","Research the company"
"q11b21","Approved website/ recognised governing body"
"q11b22","Endorsements from / backed by music industry / artist / owner"
"q11b23","Don't know much about downloading / how to download"
"q11b24","Have (anti virus) software that tells me"
"q11b25","Address/ web domain"
"q11b26","Other answers"
"q11b27","None/Don't Know"
"csex","GENDER"
"cage2","AGE"
"cage6","AGE"
"cage8","AGE"
"class3","SOCIAL CLASS"
"class41","AB"
"class42","C1"
"class43","C2"
"class44","DE"
"class45","ABC1"
"class46","C2DE"
"class5","SOCIAL CLASS"
"cmari1","MARITAL STATUS"
"cwork1","WORKING STATUS"
"cwork5","WORKING STATUS"
"child2","PRESENCE OF CHILDREN"
"child51","Any"
"child52","None"
"child53","0-5 years"
"child54","6-10 years"
"child55","11-15 years"
"chsex1","Male"
"chsex2","Female"
"cads","NUMBER OF ADULTS IN HOUSEHOLD"
"chhs","HOUSEHOLD SIZE"
"cnet21","Any Home Access"
"cnet22","Any Work Access"
"cnet23","Any Other Access"
"cnet3","INTERNET ACCESS"
"cnet01","Access to the Internet at home on a computer\laptop"
"cnet02","Access to the Internet at work on a computer\laptop"
"cnet03","Access to the Internet at home on a games console"
"cnet04","Internet at home through your TV screen via a computer"
"cnet05","Internet at home directly through your TV set i.e. Smart\Connected TV)"
"cnet06","Access to the Internet via a mobile phone"
"cnet07","Access to the internet on a tablet computer e.g. iPad"
"cnet08","Access to the Internet on a Palmtop or Personal Digital Assistant (PDA)\Pocket PC"
"cnet09","Access to the Internet at school\college \university on a computer"
"cnet10","Internet access from a library on a computer"
"cnet11","Internet access in a cafÚ\bar on a computer"
"cnet12","Internet access at a friend's or relative's house on a computer"
"cnet13","Other Internet access"
"cnet14","An e-mail address at home"
"cnet15","An e-mail address at work"
"cnet16","Other e-mail address"
"cnet17","None of these"
"satcab81","Pay TV"
"satcab82","FTA only"
"satcab83","No Multi Channel"
"cphone5","PHONE"
"cten","TENURE"
"rural2","AREA"
"country1","COUNTRY"
"gor","GOVERNMENT REGIONS"
"govreg3","GOVERNMENT REGIONS"
"govreg12","GOVERNMENT REGIONS"
"ceth","ETHNICITY"
"ceth3","ETHNICITY"
"break2_int_acc","Q.D INTERNET USAGE"
"break2_device1","Any Mobile"
"break2_device2","Mobile with Internet"
"break2_device3","Computer"
"break2_device4","Tablet"
"break2_device5","Ebook reader"
"break2_device6","Games Console"
"break2_device7","Mobile games device"
"break2_tvtype1","Pay TV"
"break2_tvtype2","FTA only"
"break2_tvtype3","No Multi Channel"
"break_b1_q3c1_2","MUSIC TRACKS OWNED IN DIGITAL FORMAT (AMONGST SHARERS) (Q.B1_3C1)"
"break4_q1a_q2a1","Ever"
"break4_q1a_q2a2","Last 3 months"
"break4_q1b_q2b1","Ever"
"break4_q1b_q2b2","Last 3 months"
"break4_q1c_q2c1","Ever"
"break4_q1c_q2c2","Last 3 months"
"break4_q1abc_q2abc1","Ever"
"break4_q1abc_q2abc2","Last 3 months"
"break_music01","Downloaded"
"break_music02","Streamed"
"break_music03","Shared"
"break_music04","Downloaded or streamed (consumed)"
"break_music05","100% paid"
"break_music06","Mix of paid and free"
"break_music07","100% free"
"break_music08","Any Paid"
"break_music09","Any Free"
"break_music10","100% legal"
"break_music11","Mix of legal and illegal"
"break_music12","100% illegal"
"break_music13","Any illegal"
"break_music14","Any Legal"
"break_music_infring","TOP % MUSIC INFRINGERS"
"break_videogames01","Downloaded"
"break_videogames02","Accessed"
"break_videogames03","Shared"
"break_videogames04","100% paid"
"break_videogames05","Mix of paid and free"
"break_videogames06","100% free"
"break_videogames07","Any Paid"
"break_videogames08","Any Free"
"break_videogames09","100% legal"
"break_videogames10","Mix of legal and illegal"
"break_videogames11","100% illegal"
"break_videogames12","Any illegal"
"break_videogames13","Any Legal"
"break_videogames_infring","TOP % VIDEO GAME INFRINGERS"
"break_software01","Downloaded"
"break_software02","Accessed"
"break_software03","Shared"
"break_software04","100% paid"
"break_software05","Mix of paid and free"
"break_software06","100% free"
"break_software07","Any Paid"
"break_software08","Any Free"
"break_software09","100% legal"
"break_software10","Mix of legal and illegal"
"break_software11","100% illegal"
"break_software12","Any illegal"
"break_software13","Any Legal"
"break_software_infring","TOP % COMPUTER SOFTWARE INFRINGERS"
"break_films01","Downloaded"
"break_films02","Streamed"
"break_films03","Shared"
"break_films04","Downloaded or streamed (consumed)"
"break_films05","100% paid"
"break_films06","Mix of paid and free"
"break_films07","100% free"
"break_films08","Any Paid"
"break_films09","Any Free"
"break_films10","100% legal"
"break_films11","Mix of legal and illegal"
"break_films12","100% illegal"
"break_films13","Any illegal"
"break_films14","Any Legal"
"break_films_infring","TOP % FILM INFRINGERS"
"break_tv_prgrms01","Downloaded"
"break_tv_prgrms02","Streamed"
"break_tv_prgrms03","Shared"
"break_tv_prgrms04","100% paid"
"break_tv_prgrms05","Mix of paid and free"
"break_tv_prgrms06","100% free"
"break_tv_prgrms07","Any Paid"
"break_tv_prgrms08","Any Free"
"break_tv_prgrms09","100% legal"
"break_tv_prgrms10","Mix of legal and illegal"
"break_tv_prgrms11","100% illegal"
"break_tv_prgrms12","Any illegal"
"break_tv_prgrms13","Any Legal"
"break_tv_prgrms_infring","TOP % TV PROGRAMME INFRINGERS"
"break_books01","Downloaded"
"break_books02","Accessed"
"break_books03","Shared"
"break_books04","100% paid"
"break_books05","Mix of paid and free"
"break_books06","100% free"
"break_books07","Any Paid"
"break_books08","Any Free"
"break_books09","100% legal"
"break_books10","Mix of legal and illegal"
"break_books11","100% illegal"
"break_books12","Any illegal"
"break_books13","Any Legal"
"break_combine_101","Downloaded"
"break_combine_102","Streamed/Accessed"
"break_combine_103","Shared"
"break_combine_104","100% paid"
"break_combine_105","Mix of paid and free"
"break_combine_106","100% free"
"break_combine_107","Any Paid"
"break_combine_108","Any Free"
"break_combine_109","100% legal"
"break_combine_110","Mix of legal and illegal"
"break_combine_111","100% illegal"
"break_combine_112","Any illegal"
"break_combine_113","Any legal"
"break_combine_201","Downloaded"
"break_combine_202","Streamed/Accessed"
"break_combine_203","Shared"
"break_combine_204","100% paid"
"break_combine_205","Mix of paid and free"
"break_combine_206","100% free"
"break_combine_207","Any Paid"
"break_combine_208","Any Free"
"break_combine_209","100% legal"
"break_combine_210","Mix of legal and illegal"
"break_combine_211","100% illegal"
"break_combine_212","Any illegal"
"break_combine_213","Any legal"
"break_methodology","METHODOLOGY TYPE"
"break_methodology_week","METHODOLOGY TYPE (WEEK WISE)"
"wave","WAVE"
"top_infringers","TOP % INFRINGERS"
"illigal_seg","ILLEGAL SEGMENTS"
"legal_seg","LEGAL SEGMENTS"
"dummy","dummy"
"wts_var","Weight Variable"
"cexage","Exact age"
"qb1_1total_raw","Q.B1_1TOTAL  3 month Spend - Music total"
"qb1_1aother_raw","Q.B1_1OTHER  3 month Spend - Music other"
"qb1_1ai_raw","Q.B1_1Ai     3 month Spend - Music concerts or gigs"
"qb1_1aii_raw","Q.B1_1Aii    3 month Spend - Music merchandise"
"qb1_1aiii_raw","Q.B1_1Aiii   3 month Spend - Music tracks or albums on CD or Vinyl"
"qb1_1aiv_raw","Q.B1_1Aiv    3 month Spend - Music tracks or albums downloaded or streamed/accessed online"
"qb1_1av_raw","Q.B1_1Av     3 month Spend - Music subscriptions"
"qb2_1total_raw","Q.B2_1TOTAL 3 month Spend - Video Games total"
"qb2_1ai_raw","Q.B2_1Ai    3 month Spend - Video Games on Disc or Cartridge"
"qb2_1aii_raw","Q.B2_1Aii   3 month Spend - Video Games downloaded or accessed"
"qb2_1aiii_raw","Q.B2_1Aiii  3 month Spend - Video Games merchandise e.g. Tshirts, Mugs, Posters"
"qb3_1total_raw","Q.B3_1TOTAL 3 month Spend - Computer Software total"
"qb3_1ai_raw","Q.B3_1Ai    3 month Spend - Computer Software on disc or Cartridge"
"qb3_1aii_raw","Q.B3_1Aii   3 month Spend - Computer Software downloaded or accessed"
"qb4_1total_raw","Q.B4_1TOTAL   3 month Spend - Films total"
"qb4_1aother_raw","Q.B4_1OTHER  3 month Spend - Films Other"
"qb4_1ai_raw","Q.B4_1Ai      3 month Spend - Films watched at the cinema"
"qb4_1aii_raw","Q.B4_1Aii 3 month Spend - Rented films on DVD, Bluray, or VHS"
"qb4_1aiii_raw","Q.B4_1Aiii 3 month Spend - Films purchased on DVD, Bluray, or VHS"
"qb4_1aiv_raw","Q.B4_1Aiv     3 month Spend - Online films purchased individually"
"qb4_1av_raw","Q.B4_1Av      3 month Spend - Online film subscriptions"
"qb4_1avi_raw","Q.B4_1Avi     3 month Spend - Films purchased individually through Pay TV service"
"qb4_1avii_raw","Q.B4_1Avii 3 month Spend - Films bought or rented on DVD, Bluray or VHS"
"qb4_1aviii_raw","Q.B4_1Aviii 3 month Spend - Films merchandise e.g. T-shirts, Mugs, Posters"
"qb5_1total_raw","Q.B5_1TOTAL 3 month Spend - TV programmes total"
"qb5_1ai_raw","Q.B5_1Ai    3 month Spend - TV programmes rented on DVD, Bluray, or VHS"
"qb5_1aii_raw","Q.B5_1Aii   3 month Spend - TV programmes purchased on DVD, Bluray, or VHS"
"qb5_1aiii_raw","Q.B5_1Aiii  3 month Spend - TV programmes downloaded or streamed using an internet connection"
"qb5_1aiv_raw","Q.B5_1Aiv 3 month Spend - TV programmes bought or rented on DVD, Blu-ray or VHS"
"qb5_1av_raw","Q.B5_1Av 3 month Spend - TV programmes merchandise e.g. T-shirts, Mugs, Posters"
"qb6_1total_raw","Q.B6_1TOTAL 3 month Spend - Books total"
"qb6_1ai_raw","Q.B6_1Ai    3 month Spend - Books - paper copies"
"qb6_1aii_raw","Q.B6_1Aii   3 month Spend - e-Books - digital copies downloaded"
"qb6_1aiii_raw","Q.B6_1Aiii  3 month Spend - Books merchandise e.g. T-shirts, Mugs, posters"
"qb1_3total_raw","Q.B1_3Total Number - Music total in the last 3 months"
"qb2_3total_raw","Q.B2_3Total Number - Video Games total in the last 3 months"
"qb3_3total_raw","Q.B3_3Total Number - Computer Software total in the last 3 months"
"qb4_3total_raw","Q.B4_3Total Number - Films total in the last 3 months"
"qb5_3total_raw","Q.B5_3Total Number - TV programmes total in the last 3 months"
"qb6_3total_raw","Q.B6_3Total Number - e-Books total in the last 3 months"
"qb1_3a_raw","Q.B1_3A Number - Music tracks downloaded in the last 3 months"
"qb2_3a_raw","Q.B2_3A Number - Video Games downloaded in the last 3 months"
"qb3_3a_raw","Q.B3_3A Number - Computer Software downloaded in the last 3 months"
"qb4_3a_raw","Q.B4_3A Number - Films downloaded in the last 3 months"
"qb5_3a_raw","Q.B5_3A Number - TV programmes downloaded in the last 3 months"
"qb6_3a_raw","Q.B6_3A Number - e-Books downloaded in the last 3 months"
"qb1_3b_raw","Q.B1_3B Number - Music tracks streamed/accessed in the last 3 months"
"qb2_3b_raw","Q.B2_3B Number - Video Games accessed in the last 3 months"
"qb3_3b_raw","Q.B3_3B Number - Computer Software accessed in the last 3 months"
"qb4_3b_raw","Q.B4_3B Number - Films streamed in the last 3 months"
"qb5_3b_raw","Q.B5_3B Number - TV programmes streamed in the last 3 months"
"qb6_3b_raw","Q.B6_3B Number - e-Books accessed in the last 3 months"
"qb1_3ab_raw","Q.B1_3A/B Number - Music tracks downloaded or streamed/accessed in the last 3 months"
"qb2_3ab_raw","Q.B2_3A/B Number - Video Games downloaded or /accessed in the last 3 months"
"qb3_3ab_raw","Q.B3_3A/B Number - Computer Software downloaded or accessed in the last 3 months"
"qb4_3ab_raw","Q.B4_3A/B Number - Films downloaded or streamed in the last 3 months"
"qb5_3ab_raw","Q.B5_3A/B Number - TV programmes downloaded or streamed in the last 3 months"
"qb6_3ab_raw","Q.B6_3A/B Number - e-Books downloaded or accessed in the last 3 months"
"qb1_5a_raw","Q.B1_5A Number - Music tracks downloaded/streamed in the last 3 months - Paid for"
"qb2_5a_raw","Q.B2_5A Number - Video Games downloaded/accessed in the last 3 months - Paid for"
"qb3_5a_raw","Q.B3_5A Number - Computer Software downloaded/accessed in the last 3 months - Paid for"
"qb4_5a_raw","Q.B4_5A Number - Films downloaded/streamed in the last 3 months - Paid for"
"qb5_5a_raw","Q.B5_5A Number - TV programmes downloaded/streamed in the last 3 months - Paid for"
"qb6_5a_raw","Q.B6_5A Number - e-Books downloaded/accessed in the last 3 months - Paid for"
"qb1_5ai_raw","Q.B1_5Ai Number - Music tracks downloaded/streamed for free in the last 3 months"
"qb2_5ai_raw","Q.B2_5Ai Number - Video Games downloaded/accessed for free in the last 3 months"
"qb3_5ai_raw","Q.B3_5Ai Number - Computer Software downloaded/accessed for free in the last 3 months"
"qb4_5ai_raw","Q.B4_5Ai Number - Films downloaded/streamed for free in the last 3 months"
"qb5_5ai_raw","Q.B5_5Ai Number - TV programmes downloaded/streamed for free in the last 3 months"
"qb6_5ai_raw","Q.B6_5Ai Number - e-Books downloaded/accessed for free in the last 3 months"
"qb1_6_raw","Q.B1_6 Number - Music tracks downloaded/streamed previously for free"
"qb2_6_raw","Q.B2_6 Number - Video Games downloaded/accessed previously for free"
"qb3_6_raw","Q.B3_6 Number - Computer Software downloaded/accessed previously for free"
"qb4_6_raw","Q.B4_6 Number - Films downloaded/streamed previously for free"
"qb5_6_raw","Q.B5_6 Number - TV programmes downloaded/streamed previously for free"
"qb6_6_raw","Q.B6_6 Number - e-Books downloaded/accessed previously for free"
"qb1_5b_raw","Q.B1_5B Number - downloaded/streamed music (last 3 months) already owned on disc or vinyl"
"qb2_5b_raw","Q.B2_5B Number - downloaded/accessed Video Games (last 3 months) already owned on disc or cartridge"
"qb3_5b_raw","Q.B3_5B Number - downloaded/accessed Computer Software (last 3 months) already owned on disc"
"qb4_5b_raw","Q.B4_5B Number - downloaded/streamed Films (last 3 months) already owned on DVD, Blu-Ray or VHS"
"qb5_5b_raw","Q.B5_5B Number - downloaded/streamed TV programmes (last 3 months) already owned on DVD, Blu-Ray or VHS"
"qb6_5b_raw","Q.B6_5B Number - downloaded/accessed e-Books (last 3 months) already owned on hardbacks and paperbacks"
"qb4_5c_raw","Q.B4_5C Number - downloaded/streamed Films (last 3 months) already seen at cinema or through TV service"
"qb1_7_raw","Q.B1_7 Number - free music tracks downloaded or streamed legally"
"qb2_7_raw","Q.B2_7 Number - free Video Games downloaded or accessed legally"
"qb3_7_raw","Q.B3_7 Number - free Computer Software downloaded or accessed legally"
"qb4_7_raw","Q.B4_7 Number - free Films downloaded or streamed legally"
"qb5_7_raw","Q.B5_7 Number - free TV programmes downloaded or streamed legally"
"qb6_7_raw","Q.B6_7 Number - free e-Books downloaded or accessed legally"
"qb1_7b_raw","Q.B1_7B Number - Paid music tracks downloaded or streamed legally in the last 3 months"
"qb4_7b_raw","Q.B4_7B Number - Paid Films downloaded or streamed legally in the last 3 months"
"qb1_7_tot_raw","Q.B1_7_T Number - Total music tracks downloaded or streamed online legally in the last 3 months (presuming paid as legal)"
"qb1_7b_tot_raw","Q.B1_7B_T Number - Total music tracks downloaded or streamed online legally in the last 3 months (including paid illegal)"
"qb2_7_tot_raw","Q.B2_7_T Number - Total Video Games downloaded or accessed legally in the last 3 months"
"qb3_7_tot_raw","Q.B3_7_T Number - Total Computer Software downloaded or accessed legally in the last 3 months"
"qb4_7_tot_raw","Q.B4_7_T Number - Total Films downloaded or streamed legally in the last 3 months (presuming paid as legal)"
"qb4_7b_tot_raw","Q.B4_7B_T Number - Total Films downloaded or streamed online legally in the last 3 months (including paid illegal)"
"qb5_7_tot_raw","Q.B5_7_T Number - Total TV programmes downloaded or streamed legally in the last 3 months"
"qb6_7_tot_raw","Q.B6_7_T Number - Total e-Books downloaded or accessed legally in the last 3 months"
"qb1_3c1_raw","Q.B1_3C1 Number - Music tracks owned in digital format (amongst sharers)"
"qb1_3c2_raw","Q.B1_3C2 Number - Music tracks shared in the last 3 months"
"qb1_3c1c2_raw","Q.B1_3C1/2 Number - Owned v Shared"
"qb2_3c_raw","Q.B2_3C Number - Video Games shared in the last 3 months"
"qb3_3c_raw","Q.B3_3C Number - Computer Software shared in the last 3 months"
"qb4_3c_raw","Q.B4_3C Number - Films shared in the last 3 months"
"qb5_3c_raw","Q.B5_3C Number - TV programmes shared in the last 3 months"
"qb6_3c_raw","Q.B6_3C Number - e-Books shared in the last 3 months"
"qb1_3d_raw","Q.B1_3D Number - Music tracks bought on CD or vinyl in the last 3 months"
"qb2_3d_raw","Q.B2_3D Number - Video Games bought on disc or cartridge in the last 3 months"
"qb3_3d_raw","Q.B3_3D Number - Computer Software bought on disc or cartridge in the last 3 months"
"qb4_3d_raw","Q.B4_3D Number - Films bought on DVD, Bluray or VHS in the last 3 months"
"qb5_3d_raw","Q.B5_3D Number - TV programmes bought on disc or cartridge in the last 3 months"
"qb6_3d_raw","Q.B6_3D Number - e-Books bought on hardback or paperback in the last 3 months"
"qb1_3c_pro_raw","Q.B1_3C1/2 Proportion - music library shared in the last 3 months"
"qb1_5a_pro_raw","Q.B1_5A Proportion of downloaded/streamed music (last 3 months) paid for"
"qb1_5ai_pro_raw","Q.B1_5Ai Proportion - Music tracks downloaded/streamed for free in the last 3 months"
"qb1_6_pro_raw","Q.B1_6 Proportion of paid music tracks previously downloaded or streamed for free"
"qb1_5b_pro_raw","Q.B1_5B Proportion of downloaded/streamed music (last 3 months) already owned on disc or vinyl"
"qb1_7b_pro_paid_raw","Q.B1_7B Proportion - Paid music tracks downloaded or streamed legally in the last 3 months"
"qb1_7b_pro_all_raw","Q.B1_7B Proportion - Total music tracks downloaded or streamed legally in the last 3 months (Including paid illegal)"
"qb1_7_pro_free_raw","Q.B1_7 Proportion of free music tracks downloaded or streamed legally"
"qb1_7_pro_all_raw","Q.B1_7 Proportion of all music tracks downloaded or streamed legally"
"qb2_5a_pro_raw","Q.B2_5A Proportion - downloaded/accessed Video Games (last 3 months) paid for"
"qb2_5ai_pro_raw","Q.B2_5Ai Proportion - Video Games downloaded/accessed for free in the last 3 months"
"qb2_6_pro_raw","Q.B2_6 Proportion of paid Video Games previously downloaded or accessed for free"
"qb2_5b_pro_raw","Q.B2_5B Proportion of downloaded/accessed Video Games (last 3 months) already owned on disc or cartridge"
"qb2_7_pro_free_raw","Q.B2_7 Proportion of free Video Games downloaded or streamed legally"
"qb2_7_pro_all_raw","Q.B2_7 Proportion of all Video Games downloaded or streamed legally"
"qb3_5a_pro_raw","Q.B3_5A Proportion -of downloaded/accessed Computer Software (last 3 months) paid for"
"qb3_5ai_pro_raw","Q.B3_5Ai Proportion - Computer software downloaded/accessed for free in the last 3 months"
"qb3_6_pro_raw","Q.B3_6 Proportion of paid Computer Software previously downloaded or accessed for free"
"qb3_5b_pro_raw","Q.B3_5B Proportion of downloaded/accessed Computer Software (last 3 months) already owned on disc"
"qb3_7_pro_free_raw","Q.B3_7 Proportion of free Computer Software downloaded or streamed legally"
"qb3_7_pro_all_raw","Q.B3_7 Proportion of all Computer Software downloaded or streamed legally"
"qb4_5a_pro_raw","Q.B4_5A Proportion of downloaded/streamed Films (last 3 months) paid for"
"qb4_5ai_pro_raw","Q.B4_5Ai Proportion - Films downloaded/streamed for free in the last 3 months"
"qb4_6_pro_raw","Q.B4_6 Proportion of paid Films previously downloaded or streamed for free"
"qb4_5b_pro_raw","Q.B4_5B Proportion of downloaded/streamed Films (last 3 months) already owned on DVD, Blu-Ray or VHS"
"qb4_5c_pro_raw","Q.B4_5C Proportion of downloaded/streamed Films (last 3 months) already seen at cinema or through TV service"
"qb4_7b_pro_free_raw","Q.B4_7B Proportion - Paid films downloaded or streamed legally in the last 3 months"
"qb4_7b_pro_all_raw","Q.B4_7B Proportion - Total films downloaded or streamed legally in the last 3 months (Including paid illegal)"
"qb4_7_pro_free_raw","Q.B4_7 Proportion of free films downloaded or streamed legally"
"qb4_7_pro_all_raw","Q.B4_7 Proportion of all films downloaded or streamed legally"
"qb5_5a_pro_raw","Q.B5_5A Proportion - downloaded/streamed TV programmes (last 3 months) paid for"
"qb5_5ai_pro_raw","Q.B5_5Ai Proportion - Films downloaded/streamed for free in the last 3 months"
"qb5_6_pro_raw","Q.B5_6 Proportion of paid TV programmes previously downloaded or streamed for free"
"qb5_5b_pro_raw","Q.B5_5B Proportion of downloaded/streamed TV programmes (last 3 months) already owned on DVD, Blu-Ray or VHS"
"qb5_7_pro_free_raw","Q.B5_7 Proportion of free TV programmes downloaded or streamed legally"
"qb5_7_pro_all_raw","Q.B5_7 Proportion of all TV programmes downloaded or streamed legally"
"qb6_5a_pro_raw","Q.B6_5A Proportion of downloaded/accessed e-Books (last 3 months) paid for"
"qb6_5ai_pro_raw","Q.B6_5Ai Proportion - Books downloaded/accessed for free in the last 3 months"
"qb6_6_pro_raw","Q.B6_6 Proportion of paid e-Books previously downloaded or accessed for free"
"qb6_5b_pro_raw","Q.B6_5B Proportion of downloaded/accessed e-Books (last 3 months) already owned on hardbacks and paperbacks"
"qb6_7_pro_free_raw","Q.B6_7 Proportion of free e-Books downloaded or accessed legally"
"qb6_7_pro_all_raw","Q.B6_7 Proportion of all e-Books downloaded or accessed legally"
"qbx_1_total_raw","QBx_1TOTAL (Combined files of interest) 3 month Spend - Total"
"qbx_1_physical_raw","QBx_1PHYS(Combined files of interest) 3 month Spend - Physical copies"
"qbx_1_onl_pur_raw","QBx_1ON(Combined files of interest) 3 month Spend - Individual online purchases (downloads/streams)"
"qbx_1_onl_sub_raw","QBx_1ONSUB (Combined files of interest) 3 month Spend - Online purchases + subscriptions"
"qbx_1_other_raw","QBx_1OTHER(Combined files of interest) 3 month Spend - Other"
"qbx_3sum2_raw","Q.Bx_3SUM2 (Combined files of interest) Number - Summary of Total"
"qbx_3a_raw","Q.Bx_3A (Combined files of interest) Number - content types of interest downloaded in the last 3 months"
"qbx_3b_raw","Q.Bx_3B Number - content types of interest streamed/accessed in the last 3 months"
"qbx_3ab_raw","Q.Bx_3A/B (Combined files of interest) Number - content types of interest downloaded or streamed/accessed in the last 3 months"
"qbx_5a_numb_raw","Q.Bx_5A (Combined files of interest) Number - content types of interest downloaded/streamed in the last 3 months - Paid for"
"qbx_5ai_numb_raw","Q.Bx_5Ai (Combined files of interest) Number - content types of interest downloaded or streamed/accessed for free in the last 3 months"
"qb1_6_5a_pro_raw","Q.Bx_5A (Combined files of interest) Proportion of downloaded/streamed content types of interest (last 3 months) paid for"
"qb1_6_5ai_pro_raw","Q.Bx_5Ai (Combined files of interest) Proportion - content types of interest downloaded/streamed/accessed for free in the last 3 months"
"qbx_6","Q.Bx_6 (Combined files of interest) Number - paid content types of interest previously downloaded or streamed/accessed for free"
"qb1_6_6_pro_raw","Q.Bx_6 (Combined files of interest) Proportion of content types of interest previously downloaded or streamed for free"
"qbx_5b_numb_raw","Q.Bx_5B (Combined files of interest) Number - downloaded/accessed content types of interest (last 3 months) already owned in physical format"
"qb1_6_5b_pro_raw","Q.Bx_5B (Combined files of interest) Proportion of downloaded/streamed content types of interest (last 3 months) already owned on disc or vinyl"
"qbx_7b_numb_raw","Q.Bx_7B (Combined files of interest) Number - paid content types of interest downloaded or streamed/accessed legally in the last 3 months"
"qbx_7b_pro_raw","Q.Bx_7B (Combined files of interest) Proportion - paid content types of interest downloaded or streamed/accessed legally in the last 3 months"
"qbx_7_numb_raw","Q.Bx_7 (Combined files of interest) Number - free content types of interest downloaded or streamed/accessed legally in the last 3 months"
"qbx_7_pro_raw","Q.Bx_7 (Combined files of interest) Proportion - free content types of interest downloaded or streamed/accessed legally in the last 3 months"
"qbx_7a_b_numb_raw","Q.Bx_7 (Combined files of interest) Number - total content types of interest downloaded or streamed/accessed legally in the last 3 months (including paid illegal)"
"qbx_7_b_pro_raw","Q.Bx_7 (Combined files of interest) Proportion - total content types of interest downloaded or accessed legally in the last 3 months (including paid illegal)"
"qbx_7a_a_numb_raw","Q.Bx_7 (Combined files of interest) Number - total content types of interest downloaded or streamed/accessed legally in the last 3 months (presuming paid as legal)"
"qbx_7_a_pro_raw","Q.Bx_7 (Combined files of interest) Proportion - total content types of interest downloaded or accessed legally in the last 3 months (presuming paid as legal)"
"qbx_3c_raw","Q.Bx_3C (Combined files of interest) Number - content types of interest shared in the last 3 months"
"qbx_3d_raw","Q.Bx_3D (Combined files of interest) Number - content types of interest bought in physical format in the last 3 months"
"qb1_7i_raw","Q.B1_7i Number - Total music tracks downloaded or streamed online illegally in the last 3 months (including paid illegal)"
"qb2_7i_raw","Q.B2_7i Number - Total Video games downloaded or accessed online illegally in the last 3 months (including paid illegal)"
"qb3_7i_raw","Q.B3_7i Number - Total Software downloaded or accessed online illegally in the last 3 months (including paid illegal)"
"qb4_7i_raw","Q.B4_7i Number - Total films downloaded or streamed online illegally in the last 3 months (including paid illegal)"
"qb5_7i_raw","Q.B5_7i Number - Total TV programmes downloaded or streamed online illegally in the last 3 months (including paid illegal)"
"qb6_7i_raw","Q.B6_7i Number - Total books downloaded or accessed online illegally in the last 3 months (including paid illegal)"
"qbx_7i_raw","Q.Bx_7i Number - Combined files of interest downloaded or streamed/accessed online illegally in the last 3 months (including paid illegal)"
"numbhh","Number in household"
"wmid1","Numeric for wmid1"
